quarter,avg_yards_to_go
1,8.4006107717934615
2,8.51645338208409
3,8.49374478732275
4,8.4330690826726968
5,8.3507462686567155