down,avg_yards_gained
1,5.5731929824561366
2,5.4199518785859739
3,5.483989021042996
4,3.3817034700315469