player_name,avg_distance_per_game
Michael Pittman,2094.830000000004
Jahan Dotson,2036.3700000000051
Steven Nelson,2028.0675000000028
Mack Hollins,2013.9550000000045
Jalen Pitre,2002.6400000000017
Gabe Davis,1997.405000000002
Derek Stingley,1955.4225000000022
Davante Adams,1949.1575000000046
Mike Williams,1924.4060000000036
Cooper Kupp,1894.5060000000049