offenseformation,avg_yards_gained
EMPTY,5.77868852459017
SHOTGUN,5.7347286998066247
SINGLEBACK,5.3537675606641
PISTOL,5.0436817472698854
I_FORM,4.9971014492753492
WILDCAT,4.64367816091954
JUMBO,2.3279999999999994
0,-0.96808510638297862